{"epoch": 0, "step": 0, "lr": 1e-06, "loss": 10.99019718170166, "nitc_loss": 4.624119758605957, "ss_loss": 2.040562391281128, "citc_loss": 0.00046155377640388906, "ritc_loss": 4.3250532150268555, "mlm_loss": 0.0, "id_loss": 0.0, "_timestamp": 1699785023.2283611, "_runtime": 43.46861815452576, "_step": 1, "rank_1": 0.49738872051239014, "rank_5": 2.0268590450286865, "rank_10": 3.1708531379699707, "mAP": 1.3510075807571411, "epoch_time": 5.647081971168518, "_wandb": {"runtime": 42}}