{"epoch": 2, "step": 401, "lr": 6.038028870084619e-05, "loss": 4.04353298239447, "nitc_loss": 3.5032546520233154, "ss_loss": 0.4227498173713684, "citc_loss": 0.013514467515051365, "ritc_loss": 0.10401490330696106, "mlm_loss": 0.0, "id_loss": 0.0, "_timestamp": 1699898961.650338, "_runtime": 2326.047394990921, "_step": 1208, "rank_1": 6.652574062347412, "rank_5": 15.792091369628906, "rank_10": 22.233274459838867, "mAP": 10.256856918334961, "epoch_time": 1.8411943888782862, "_wandb": {"runtime": 2325}}