{"epoch": 0, "step": 16, "lr": 1.61610268378063e-06, "r_itc_loss": 1.184675693511963, "n_itc_loss": 2.9987542629241943, "loss": 4.183430531445672, "_timestamp": 1699779720.23153, "_runtime": 553.2159080505371, "_step": 17, "_wandb": {"runtime": 19}}