{"epoch": 0, "step": 213, "lr": 5.0384074941451994e-05, "r_itc_loss": -0.23205260932445526, "n_itc_loss": 4.088372230529785, "loss": 3.8563200291072097, "_timestamp": 1699781095.290825, "_runtime": 253.77749395370483, "_step": 213}