{"epoch": 0, "step": 320, "lr": 5.0422776911076446e-05, "r_itc_loss": 0.127339705824852, "n_itc_loss": 3.782092809677124, "loss": 3.909432544886509, "_timestamp": 1699780583.1216602, "_runtime": 268.7434902191162, "_step": 320}