{"epoch": 1, "step": 0, "lr": 5.059649122807017e-05, "loss": 5.383426666259766, "nitc_loss": 4.078458786010742, "ss_loss": 0.7231199741363525, "citc_loss": 0.012127169407904148, "ritc_loss": 0.5697208046913147, "mlm_loss": 0.0, "id_loss": 0.0, "_timestamp": 1699799481.406979, "_runtime": 759.037388086319, "_step": 258, "rank_1": 5.545884132385254, "rank_5": 14.934096336364746, "rank_10": 21.872669219970703, "mAP": 9.552410125732422, "epoch_time": 2.797457583683474, "_wandb": {"runtime": 762}}