{"epoch": 0, "step": 92, "lr": 3.832970451010886e-06, "r_itc_loss": NaN, "n_itc_loss": NaN, "loss": NaN, "_timestamp": 1699779987.735744, "_runtime": 79.45273804664612, "_step": 92}