{"epoch": 0, "step": 8, "lr": 2.480373831775701e-06, "loss": 6.332993401421441, "nitc_loss": 4.534956932067871, "ss_loss": 1.987876534461975, "citc_loss": 0.0006158397882245481, "ritc_loss": -0.19045571982860565, "mlm_loss": 0.0, "id_loss": 0.0, "_timestamp": 1699782335.8213313, "_runtime": 32.56739115715027, "_step": 8}