{"epoch": 0, "step": 256, "lr": 5.0403508771929824e-05, "loss": 7.067362009783199, "nitc_loss": 3.916714668273926, "ss_loss": 0.972957193851471, "citc_loss": 0.010048560798168182, "ritc_loss": 2.167642116546631, "mlm_loss": 0.0, "id_loss": 0.0, "_timestamp": 1699785827.2450604, "_runtime": 763.5720014572144, "_step": 257, "rank_1": 5.657796382904053, "rank_5": 14.623228073120117, "rank_10": 21.300670623779297, "mAP": 9.467552185058594, "epoch_time": 2.823268668660858, "_wandb": {"runtime": 762}}