{"epoch": 0, "step": 81, "lr": 4.741950536630891e-06, "loss": 5.024460123806465, "nitc_loss": 2.856321096420288, "ss_loss": 1.1188122034072876, "citc_loss": 0.003044920042157173, "ritc_loss": 1.0462827682495117, "mlm_loss": 0.0, "id_loss": 0.0, "_timestamp": 1699781908.9992564, "_runtime": 67.79162430763245, "_step": 81}