{"epoch": 0, "step": 117, "lr": 2.9885286783042395e-05, "loss": 16.630712468745344, "nitc_loss": 3.4904251098632812, "ss_loss": 1.1416977643966675, "citc_loss": 0.007733938284218311, "ritc_loss": 2.5319089889526367, "mlm_loss": 0.0, "id_loss": 9.458945274353027, "_timestamp": 1699802042.594073, "_runtime": 213.05960202217102, "_step": 117, "_wandb": {"runtime": 212}}