{"epoch": 0, "step": 168, "lr": 5.2975e-05, "loss": 5.303031749273899, "nitc_loss": 3.8066203594207764, "ss_loss": 1.0309263467788696, "citc_loss": 0.007002169266343117, "ritc_loss": 0.458482563495636, "mlm_loss": 0.0, "id_loss": 0.0, "_timestamp": 1699803819.1560774, "_runtime": 390.9841203689575, "_step": 168, "_wandb": {"runtime": 391}}