{"epoch": 0, "step": 6, "lr": 3.041237113402062e-06, "loss": 7.314432893480573, "nitc_loss": 5.347675800323486, "ss_loss": 1.9804271459579468, "citc_loss": 0.0005754639278165996, "ritc_loss": -0.01424544770270586, "mlm_loss": 0.0, "id_loss": 0.0, "_timestamp": 1699803991.955435, "_runtime": 24.464630126953125, "_step": 6, "_wandb": {"runtime": 24}}