{"epoch": 73, "step": 276, "lr": 2.031326577433594e-05, "loss": 0.8965014817482297, "nitc_loss": 1.0526212453842163, "ss_loss": 0.09712889045476913, "citc_loss": 0.013555034063756466, "ritc_loss": -0.26680368185043335, "mlm_loss": 0.0, "id_loss": 0.0, "_timestamp": 1699859905.654771, "_runtime": 55729.040981054306, "_step": 21300, "rank_1": 4.401890277862549, "rank_5": 11.390201568603516, "rank_10": 16.6003475189209, "mAP": 7.141515731811523, "epoch_time": 2.549711993347062, "_wandb": {"runtime": 55729}}