{"epoch": 0, "step": 0, "lr": 1e-06, "loss": 6.406588554382324, "nitc_loss": 4.577899932861328, "ss_loss": 2.0206804275512695, "citc_loss": 0.0004428965912666172, "ritc_loss": -0.19243399798870087, "mlm_loss": 0.0, "id_loss": 0.0, "_timestamp": 1699783701.0024247, "_runtime": 11.265549659729004, "_step": 0, "_wandb": {"runtime": 14}}