{"epoch": 0, "step": 11, "lr": 3.12280701754386e-06, "loss": 58.67321936289469, "nitc_loss": 4.552067279815674, "ss_loss": 1.979364275932312, "citc_loss": 0.0007386051584035158, "ritc_loss": 52.14105224609375, "mlm_loss": 0.0, "id_loss": 0.0, "_timestamp": 1699798566.8885064, "_runtime": 42.10915946960449, "_step": 11, "_wandb": {"runtime": 41}}