{"epoch": 0, "step": 460, "lr": 1.5164852255054432e-05, "r_itc_loss": 1.2682914733886719, "n_itc_loss": 2.0930404663085938, "loss": 3.361332149671112, "_timestamp": 1699780256.556751, "_runtime": 99.56005692481995, "_step": 460, "_wandb": {"runtime": 106}}