{"epoch": 0, "step": 343, "lr": 8.568079800498754e-05, "loss": 4.723968737347182, "nitc_loss": 3.4184300899505615, "ss_loss": 0.7935337424278259, "citc_loss": 0.01037831325083971, "ritc_loss": 0.5016253590583801, "mlm_loss": 0.0, "id_loss": 0.0, "_timestamp": 1699801528.659704, "_runtime": 614.561774969101, "_step": 343, "_wandb": {"runtime": 615}}