{"epoch": 0, "step": 31, "lr": 6.736448598130841e-06, "loss": 5.92886608839035, "nitc_loss": 4.344958782196045, "ss_loss": 1.7370612621307373, "citc_loss": 0.001898971269838512, "ritc_loss": -0.15505291521549225, "mlm_loss": 0.0, "id_loss": 0.0, "_timestamp": 1699782475.4550233, "_runtime": 92.55735540390015, "_step": 31}