{"epoch": 1, "step": 135, "lr": 9.998273357770701e-05, "loss": 4.919043611077702, "nitc_loss": 3.9901113510131836, "ss_loss": 0.5438776016235352, "citc_loss": 0.010066649876534939, "ritc_loss": 0.3749885559082031, "mlm_loss": 0.0, "id_loss": 0.0, "_timestamp": 1699803317.5713298, "_runtime": 1084.8593409061432, "_step": 457, "rank_1": 5.048495292663574, "rank_5": 13.6533203125, "rank_10": 19.59711456298828, "mAP": 8.687491416931152, "epoch_time": 2.287683653311566, "_wandb": {"runtime": 1085}}