{"epoch": 0, "step": 122, "lr": 1.9842433697347896e-05, "r_itc_loss": 0.13076160848140717, "n_itc_loss": 3.6888012886047363, "loss": 3.8195631038851854, "_timestamp": 1699780779.5080612, "_runtime": 117.17348027229309, "_step": 122}