{"epoch": 0, "step": 170, "lr": 6.234836702954899e-06, "loss": 4.508248780903063, "nitc_loss": 2.3276610374450684, "ss_loss": 0.8727362155914307, "citc_loss": 0.00487348111346364, "ritc_loss": 1.3029778003692627, "mlm_loss": 0.0, "id_loss": 0.0, "_timestamp": 1699781815.2791536, "_runtime": 116.92362070083618, "_step": 170}