{"epoch": 0, "step": 0, "lr": 1e-06, "r_itc_loss": 1.3555129766464233, "n_itc_loss": 2.7737233638763428, "loss": 4.129236221313477, "_timestamp": 1699779781.3507648, "_runtime": 6.825588703155518, "_step": 0, "_wandb": {"runtime": 4}}