{"epoch": 0, "step": 267, "lr": 5.040747663551402e-05, "loss": 4.819859533167597, "nitc_loss": 3.907632350921631, "ss_loss": 0.9443494081497192, "citc_loss": 0.009625888429582119, "ritc_loss": -0.04174695536494255, "mlm_loss": 0.0, "id_loss": 0.0, "_timestamp": 1699783440.6761448, "_runtime": 724.7437148094177, "_step": 267, "_wandb": {"runtime": 724}}