{"epoch": 18, "step": 76, "lr": 9.379902307729591e-05, "loss": 1.662965793114204, "nitc_loss": 1.3357876539230347, "ss_loss": 0.21378758549690247, "citc_loss": 0.020136497914791107, "ritc_loss": 0.0932539626955986, "mlm_loss": 0.0, "id_loss": 0.0, "_timestamp": 1699943775.5962574, "_runtime": 14749.805804491043, "_step": 11668, "rank_1": 6.354140758514404, "rank_5": 16.351654052734375, "rank_10": 23.94926643371582, "mAP": 6.625306606292725, "epoch_time": 43.49161018265618, "_wandb": {"runtime": 14748}}