{"epoch": 0, "step": 109, "lr": 1.7834633385335417e-05, "loss": 5.360152539339933, "nitc_loss": 3.8736867904663086, "ss_loss": 1.38632333278656, "citc_loss": 0.00514540821313858, "ritc_loss": 0.09499642252922058, "mlm_loss": 0.0, "id_loss": 0.0, "_timestamp": 1699782202.5760121, "_runtime": 255.82767820358276, "_step": 109, "_wandb": {"runtime": 264}}